,id,first_name,last_name,email,gender,ip_address,age
0,1,Tedi,Faier,tfaier0@geocities.com,Polygender,6.229.190.47,28
1,2,Morly,Kemer,mkemer1@vinaora.com,Non-binary,23.3.27.115,26
2,3,Myrvyn,Willowby,mwillowby2@mail.ru,Genderqueer,35.32.150.96,61
3,4,Kali,Olenchikov,kolenchikov3@wisc.edu,Female,195.209.76.87,48
4,5,Packston,Becraft,pbecraft4@fda.gov,Agender,219.199.55.119,42
5,6,Loy,Weepers,lweepers5@facebook.com,Male,180.6.107.119,2
6,7,Nichole,Milland,nmilland6@shop-pro.jp,Agender,150.160.196.165,96
7,8,Tiffanie,Lehrle,tlehrle7@ocn.ne.jp,Agender,124.208.60.150,41
8,9,Hubey,Morit,hmorit8@elpais.com,Genderfluid,40.71.16.125,57
9,10,North,Syalvester,nsyalvester9@stanford.edu,Non-binary,75.40.106.15,13
10,11,Hildegarde,Dulinty,hdulintya@yandex.ru,Non-binary,50.27.120.54,41
11,12,Hermione,Spenton,hspentonb@feedburner.com,Bigender,230.173.127.179,18
12,13,Nelle,Fawcus,nfawcusc@amazon.de,Bigender,160.1.235.54,78
13,14,Lucio,Van Dijk,lvandijkd@tamu.edu,Polygender,11.186.30.14,19
14,15,Gianina,Stuck,gstucke@google.ru,Agender,36.226.232.52,18
15,16,Gratia,Rigler,griglerf@blogger.com,Bigender,63.18.177.188,41
16,17,Dolly,Rimer,drimerg@comsenz.com,Bigender,17.255.223.0,8
17,18,Arlina,Lett,aletth@google.co.uk,Polygender,80.116.94.86,27
18,19,Jennee,Raithby,jraithbyi@eventbrite.com,Bigender,224.8.60.170,34
19,20,Verena,Desmond,vdesmondj@umich.edu,Genderqueer,43.202.23.69,4
20,21,Maighdiln,Breslau,mbreslauk@cornell.edu,Genderfluid,44.93.201.183,13
21,22,Berri,Nan Carrow,bnancarrowl@earthlink.net,Polygender,96.115.72.194,56
22,23,Gina,Mutton,gmuttonm@mail.ru,Bigender,192.132.41.229,83
23,24,Florella,Pulteneye,fpulteneyen@netscape.com,Genderfluid,205.244.242.37,18
24,25,Filide,Palomba,fpalombao@wix.com,Polygender,121.119.123.231,96
25,26,Gena,Laidlaw,glaidlawp@wikipedia.org,Male,208.143.7.113,33
26,27,Rena,Cranmore,rcranmoreq@sohu.com,Genderfluid,223.233.136.91,76
27,28,Eldredge,Bignell,ebignellr@smh.com.au,Polygender,240.120.186.8,10
28,29,Shanie,Darell,sdarells@skype.com,Non-binary,21.104.221.104,52
29,30,Tarah,Babbidge,tbabbidget@diigo.com,Polygender,223.121.116.192,2
30,31,Lek,Capron,lcapronu@springer.com,Non-binary,183.155.252.69,40
31,32,Trueman,Ellar,tellarv@hp.com,Male,69.157.160.74,59
32,33,Ianthe,Coldbath,icoldbathw@google.ca,Female,60.70.179.141,99
33,34,Nicolette,Allderidge,nallderidgex@1und1.de,Polygender,13.73.156.97,60
34,35,Joane,Leatt,jleatty@istockphoto.com,Genderfluid,0.55.109.239,27
35,36,Gabriell,Digges,gdiggesz@theatlantic.com,Non-binary,250.11.1.1,59
36,37,Bailie,McGaw,bmcgaw10@marketwatch.com,Agender,186.220.144.166,23
37,38,Kassey,Critten,kcritten11@slate.com,Female,124.133.174.98,7
38,39,Patin,Gulleford,pgulleford12@topsy.com,Bigender,110.117.254.74,46
39,40,Barnaby,Albion,balbion13@ebay.com,Genderqueer,135.4.167.240,14
40,41,Michell,Mc Comb,mmccomb14@stumbleupon.com,Genderfluid,109.35.192.70,2
41,42,Albertine,Reavell,areavell15@usnews.com,Non-binary,177.27.124.132,1
42,43,Constance,Hainning,chainning16@ustream.tv,Agender,222.124.15.139,52
43,44,Ara,Dowley,adowley17@wisc.edu,Bigender,240.108.114.83,17
44,45,Findlay,Rowlson,frowlson18@npr.org,Bigender,203.40.74.33,10
45,46,Athena,Farge,afarge19@dailymotion.com,Genderfluid,29.242.159.216,69
46,47,Rodrique,Bevis,rbevis1a@upenn.edu,Genderfluid,6.228.252.34,58
47,48,Brandon,Sute,bsute1b@ucoz.com,Female,123.251.98.64,88
48,49,Krisha,Spadelli,kspadelli1c@indiegogo.com,Bigender,0.189.151.190,11
49,50,Wilie,Swadlen,wswadlen1d@yahoo.co.jp,Male,74.207.119.80,59
50,51,Karola,Postians,kpostians1e@samsung.com,Genderqueer,115.223.34.29,46
51,52,Jefferson,Abbotson,jabbotson1f@smh.com.au,Genderfluid,205.129.252.238,76
52,53,Mord,Twiddle,mtwiddle1g@rambler.ru,Polygender,252.118.84.120,18
53,54,Keri,Brader,kbrader1h@taobao.com,Non-binary,77.211.14.182,67
54,55,Blinnie,Perford,bperford1i@hibu.com,Genderfluid,142.113.164.122,34
55,56,Chase,Simms,csimms1j@godaddy.com,Female,122.65.35.194,2
56,57,Fredericka,Maior,fmaior1k@a8.net,Agender,210.217.232.183,20
57,58,Ebonee,McInally,emcinally1l@usa.gov,Non-binary,253.16.178.42,6
58,59,Karina,Groll,kgroll1m@chron.com,Polygender,8.194.11.170,42
59,60,Alanah,Fleischmann,afleischmann1n@businessweek.com,Polygender,190.91.110.169,10
60,61,Celka,Leupoldt,cleupoldt1o@hibu.com,Genderqueer,64.238.56.240,54
61,62,Carrie,Morriarty,cmorriarty1p@google.pl,Bigender,126.67.220.220,98
62,63,Devin,Boullin,dboullin1q@usda.gov,Female,220.161.172.128,46
63,64,Kati,Deelay,kdeelay1r@mozilla.com,Agender,178.249.130.217,42
64,65,Desiri,McGuire,dmcguire1s@netscape.com,Bigender,37.201.208.193,8
65,66,Archibold,Morffew,amorffew1t@gnu.org,Male,248.158.34.0,61
66,67,Sayre,Gosland,sgosland1u@admin.ch,Genderqueer,86.123.65.175,55
67,68,Carri,Chaplyn,cchaplyn1v@xrea.com,Genderfluid,31.101.96.198,83
68,69,Ema,Alderman,ealderman1w@cpanel.net,Bigender,243.200.106.170,59
69,70,Ange,Sparkwell,asparkwell1x@washington.edu,Agender,120.70.183.138,48
70,71,Seana,Currall,scurrall1y@privacy.gov.au,Female,186.32.38.209,51
71,72,Gisella,Tarquinio,gtarquinio1z@a8.net,Genderqueer,155.6.245.188,99
72,73,Justus,Rayhill,jrayhill20@is.gd,Genderfluid,66.208.181.252,96
73,74,Traver,Duke,tduke21@weebly.com,Male,3.104.30.43,16
74,75,Tania,Gillingham,tgillingham22@1und1.de,Bigender,202.217.107.2,55
75,76,Gauthier,Gilston,ggilston23@rambler.ru,Genderfluid,143.97.128.241,97
76,77,Glen,Hurll,ghurll24@tiny.cc,Female,172.61.203.90,79
77,78,Adan,Snap,asnap25@opera.com,Bigender,2.122.113.105,76
78,79,Laurella,Peacop,lpeacop26@who.int,Agender,132.194.4.90,9
79,80,Chad,Clausen,cclausen27@wordpress.com,Female,225.65.104.144,71
80,81,Allison,Warriner,awarriner28@army.mil,Female,22.110.34.185,9
81,82,Austin,Penfold,apenfold29@utexas.edu,Agender,29.167.86.115,28
82,83,Odo,Iacapucci,oiacapucci2a@hhs.gov,Polygender,184.166.44.196,74
83,84,Danna,Kobierski,dkobierski2b@washington.edu,Bigender,247.142.16.238,71
84,85,Noami,Oakly,noakly2c@wix.com,Male,243.147.209.214,10
85,86,Ivory,Saylor,isaylor2d@ucsd.edu,Agender,63.25.97.49,86
86,87,Alverta,Nowick,anowick2e@mlb.com,Male,172.101.50.110,45
87,88,Jeane,Biner,jbiner2f@eepurl.com,Female,236.124.211.138,74
88,89,Aluin,Gannan,agannan2g@patch.com,Agender,246.152.96.32,86
89,90,Ron,Jonczyk,rjonczyk2h@cdbaby.com,Bigender,59.69.215.132,12
90,91,Tomlin,McGrane,tmcgrane2i@umn.edu,Agender,199.224.1.198,86
91,92,Florry,Kerrigan,fkerrigan2j@quantcast.com,Male,143.142.215.15,48
92,93,Denny,Maingot,dmaingot2k@tiny.cc,Agender,50.150.86.202,40
93,94,Marget,Noice,mnoice2l@istockphoto.com,Bigender,170.142.179.113,77
94,95,Launce,Borles,lborles2m@irs.gov,Bigender,130.61.86.250,89
95,96,Meg,Di Maggio,mdimaggio2n@mit.edu,Non-binary,218.234.154.201,45
96,97,Corbie,Aslen,caslen2o@pcworld.com,Male,163.51.187.183,98
97,98,Coral,Saxelby,csaxelby2p@posterous.com,Male,2.27.210.202,72
98,99,Wilfrid,Vasilischev,wvasilischev2q@nba.com,Male,247.31.17.20,15
99,100,Winna,Fincham,wfincham2r@spotify.com,Genderqueer,188.106.177.61,43
